Organization,City,State,Gases Included,Scope1,Scope2,X,Y
"City of Fayetteville, AR",Fayetteville,AR,CO2,516975.00,920888.00,-94.17190,36.08210
City of Phoenix,Phoenix,AZ,"CH4, CO2, N20",11094141.00,5048773.00,-112.07400,33.44840
City of Flagstaff,Flagstaff,AZ,"CH4, CO2, N20",788112.19,247231.22,-111.63100,35.19920
City of Los Angeles,Los Angeles,CA,"CH4, CO2, N20",18837940.00,8023092.00,-118.24400,34.05220
City of San José,San José,CA,"CH4, CO2, N20",4665342.00,753640.00,-121.88600,37.33820
City of San Francisco,San Francisco,CA,"CH4, CO2, N20",4335772.32,507037.85,-122.41900,37.77490
City of Long Beach,Long Beach,CA,"CH4, CO2, N20",4148033.00,707138.00,-118.19400,33.77010
City of Oakland,Oakland,CA,"CH4, CO2, N20",2866400.00,0.00,-122.27100,37.80440
City of Fremont,Fremont,CA,"CH4, CO2, N20",1440313.00,0.00,-121.98900,37.54830
City of Santa Monica,Santa Monica,CA,"CH4, CO2, N20",731059.00,181164.00,-118.48100,34.02190
"City of San Leandro, CA",San Leandro,CA,"CH4, CO2, N20",548456.82,102335.19,-122.15600,37.72490
"City of Encinitas, CA",Encinitas,CA,"CH4, CO2, HFCs, N20, PFCs",435710.00,0.00,-117.29300,33.04540
"City of Santa Barbara, CA",Santa Barbara,CA,"CH4, CO2, N20",394627.44,111114.14,-119.69810,34.42080
"City of Manhattan Beach, CA",Manhattan Beach,CA,"CH4, CO2, N20",246824.99,0.00,-118.40500,33.88890
"City of Santa Cruz, CA",Santa Cruz,CA,"CH4, CO2, N20",192380.00,48079.00,-122.03100,36.97410
City of Cupertino,Cupertino,CA,"CH4, CO2, N20",154412.60,54382.50,-122.03200,37.32300
"City of Emeryville, CA",Emeryville,CA,"CH4, CO2, N20",131084.88,26029.10,-122.28500,37.83130
"City of Brisbane, CA",Brisbane,CA,"CH4, CO2, N20",47450.00,14030.00,-122.40000,37.68080
City of Palo Alto,Palo Alto,CA,"CH4, CO2, N20",10855.00,0.00,-122.14300,37.44190
City of Fort Collins,Fort Collins,CO,"CH4, CO2, N20",950705.52,1094436.67,-105.08400,40.58530
City of Lakewood,Lakewood,CO,"CH4, CO2, HFCs, N20, NF3, PFCs, SF6",820994.00,628527.00,-105.08100,39.70470
City of Boulder,Boulder,CO,"CH4, CO2, N20",751388.46,774365.26,-105.25200,40.02740
City of Aspen,Aspen,CO,"CH4, CO2, N20",186961.00,82643.00,-106.83700,39.19500
District of Columbia,"Washington, DC",DC,"CH4, CO2, N20",2902489.00,3964113.00,-77.03690,38.90720
City of Orlando,Orlando,FL,CO2,3271435.00,3722734.00,-81.37920,28.53830
City of St. Petersburg,St. Petersburg,FL,"CH4, CO2, N20",1428892.00,1356551.00,-82.63990,27.77300
City of Boynton Beach,Boynton Beach,FL,"CH4, CO2, N20",445882.30,423823.05,-80.21600,26.49860
City of West Palm Beach,West Palm Beach,FL,"CH4, CO2, N20",383625.00,789569.00,-80.05340,26.71530
"City of Miami Beach, FL",Miami Beach,FL,"CH4, CO2, N20",312054.21,778840.00,-80.13000,25.79060
City of Sarasota,Sarasota,FL,"CH4, CO2, N20",220114.00,407299.00,-82.53070,27.33640
"City of Hollywood, FL",Hollywood,FL,"CH4, CO2, N20",0.00,874200.85,-80.14950,26.01120
City of Savannah,Savannah,GA,"CH4, CO2, N20",2063648.00,1642104.00,-81.09980,32.08350
City of Chicago,Chicago,IL,"CH4, CO2, N20",16784486.00,14766295.00,-87.62980,41.87810
"City of Evanston, IL",Evanston,IL,"CH4, CO2, N20",524034.00,415356.00,-87.68980,42.06690
"City of Lake Forest, IL",Lake Forest,IL,"CH4, CO2, N20",120709.20,210436.37,-87.84060,42.25860
"City of Highland Park, IL",Highland Park,IL,"CH4, CO2, N20, NF3, SF6",37877.00,274958.00,-87.78670,42.19017
"City of South Bend, IN",South Bend,IN,"CH4, CO2, N20",3723299.07,393977.00,-86.25320,41.67540
City of Indianapolis,Indianapolis,IN,"CH4, CO2, HFCs, N20, PFCs, SF6",1382323.00,14630253.00,-86.17850,39.76760
City of Bloomington,Bloomington,IN,"CH4, CO2, N20",627454.00,829264.00,-86.52640,39.16530
"City of Louisville, KY",Louisville,KY,"CH4, CO2, HFCs, N20, NF3, PFCs, SF6",20799686.00,9883480.00,-85.67840,38.19600
City of Boston,Boston,MA,"CH4, CO2, N20",4059459.00,2262934.00,-71.05980,42.35840
"City of Somerville, MA",Somerville,MA,"CH4, CO2, N20",467600.00,124237.00,-71.08260,42.39340
"Town of Lexington, MA","Lexington, MA",MA,"CH4, CO2",287962.00,128676.00,-71.22690,42.44430
"Town of Dedham, MA",Dedham,MA,"CH4, CO2, N20",70699.00,52283.00,-71.15920,42.24000
Town of Wellfleet,Wellfleet,MA,"CH4, CO2, N20",12422.55,7838.23,-70.03100,41.93050
City of Baltimore,Baltimore,MD,"CH4, CO2, N20",12032078.00,3211447.00,-76.61220,39.29040
"City of Takoma Park, MD",Takoma Park,MD,"CH4, CO2, N20",92150.00,34871.00,-77.00750,38.97790
City of Detroit,Detroit,MI,"CH4, CO2, N20",5520240.00,4809082.00,-83.04570,42.33140
City of Ann Arbor,Ann Arbor,MI,"CH4, CO2, N20",967069.00,1073330.00,-83.74300,42.28080
"City of Saint Paul, MN",Saint Paul,MN,"CH4, CO2, N20",3170866.16,1050968.47,-93.09000,44.95370
City of Minneapolis,Minneapolis,MN,"CH4, CO2, N20",2756800.00,1402603.00,-93.26670,44.98330
Kansas City,Kansas City,MO,"CH4, CO2, N20",11162442.00,0.00,-94.57300,39.14290
City of St Louis,St Louis,MO,"CO2, HFCs, N20, PFCs, SF6",2683616.62,3850597.69,-90.19940,38.62700
"Town of Princeton, NJ",Princeton,NJ,"CH4, CO2, N20",532475.00,0.00,-74.65905,40.34872
City of Las Vegas,Las Vegas,NV,CO2,9832744.00,9752433.00,-115.14000,36.16990
New York City,New York City,NY,"CH4, CO2, N20",38275608.00,12417317.00,-74.00590,40.71280
"Erie County, NY",Buffalo,NY,"CH4, CO2, HFCs, N20, PFCs, SF6",9112833.00,2640003.00,-78.87870,42.88020
Town of Ithaca,Ithaca,NY,"CH4, CO2, HFCs, N20, PFCs, SF6",178413.00,0.00,-76.50180,42.44396
Cuyahoga County,Cleveland,OH,"CH4, CO2, N20",16315593.00,6257162.00,-81.68130,41.50540
City of Cleveland,Cleveland,OH,"CH4, CO2, N20",8735775.00,2703010.00,-81.69440,41.49930
City of Columbus,Columbus,OH,"CH4, CO2, N20",5434813.00,5088528.00,-82.99880,39.96120
City of Cincinnati,Cincinnati,OH,"CH4, CO2, N20",4346533.00,3251940.00,-84.51200,39.10310
"City of Portland, OR",Portland,OR,"CH4, CO2, N20",5442661.00,2148556.00,-122.68200,45.52000
City of Eugene,Eugene,OR,"CH4, CO2, N20, PFCs, SF6",912080.00,725157.00,-123.08700,44.05190
City of Medford,Medford,OR,CO2,220603.32,100459.07,-122.87600,42.32650
"City of Ashland, OR",Ashland,OR,"CH4, CO2, HFCs, N20",70375.00,68331.00,-122.70948,42.19450
City of Philadelphia,Philadelphia,PA,"CH4, CO2, N20, SF6",9050464.00,5555807.00,-75.16380,39.95230
City of Pittsburgh,Pittsburgh,PA,"CH4, CO2, N20",5010418.00,0.00,-79.99590,40.44060
City of Lancaster,Lancaster,PA,"CH4, CO2, HFCs, N20, NF3, PFCs, SF6",777350.00,0.00,-76.30550,40.03790
Abington Township,Abington,PA,"CH4, CO2, HFCs, N20, PFCs",425035.00,149453.00,-75.11950,40.12410
City of Providence,Providence,RI,"CH4, CO2, N20",1941206.00,527900.00,-71.41280,41.82400
City of Memphis,Memphis,TN,"CH4, CO2, N20",14529102.00,6296158.00,-90.04900,35.14950
Metropolitan Government of Nashville and Davidson County,Nashville,TN,"CH4, CO2, N20",6680198.00,5801169.00,-86.78160,36.16270
City of Knoxville,Knoxville,TN,"CH4, CO2, N20",2653938.00,1238562.00,-83.92070,35.96060
City of Houston,Houston,TX,"CH4, CO2, N20",19263921.00,13578513.00,-95.36940,29.76020
City of Austin,Austin,TX,"CH4, CO2, HFCs, N20, NF3, PFCs, SF6",7964557.00,5616022.00,-97.74310,30.26720
"City of Denton, TX",Denton,TX,"CH4, CO2, N20",1021228.00,452359.00,-97.13310,33.21480
"City of Park City, UT",Park City,UT,"CH4, CO2, HFCs, N20, NF3, PFCs, SF6",160849.00,176857.00,-111.49800,40.64610
"City of Richmond, VA",Richmond,VA,"CH4, CO2, N20",1315665.00,1210666.00,-77.43600,37.54070
"Arlington, VA",Arlington,VA,"CH4, CO2, N20",1067210.00,1151808.00,-76.00260,37.22650
City of Roanoke,Roanoke,VA,"CH4, CO2, N20",611075.00,1256450.00,-79.94140,37.27100
Town of Blacksburg,Blacksburg,VA,"CH4, CO2, N20",306452.03,0.00,-80.41390,37.22960
"City of Charlottesville, VA",Charlottesville,VA,"CH4, CO2, N20",172555.00,171240.00,-78.47670,38.02930
City of Burlington,Burlington,VT,CO2,359615.00,0.00,-73.21210,44.47590
City of Tacoma,Tacoma,WA,"CH4, CO2, N20",962074.00,67395.00,-122.44400,47.25290